{
  "notebook": "08 - CNN Baseline All Splits",
  "timestamp": "2026-05-07T22:12:34",
  "gpu_count": 0,
  "mixed_precision": "float32",
  "epochs": 150,
  "batch_size": 16,
  "k_folds": 5,
  "results": [
    {
      "split": "90:10",
      "train_size": 320,
      "test_size": 36,
      "MAE_test": 7219.716796875,
      "RMSE_test": 9107.474080762067,
      "MAPE_test": 18.731340349986827,
      "R2_test": -0.14615998265385555,
      "MAPE_cv_mean": 32.19586748540426,
      "MAPE_cv_std": 11.02209640003911,
      "MAE_cv_mean": 11211.993189858491,
      "RMSE_cv_mean": 14814.85068088657,
      "R2_cv_mean": -0.1121162611033013,
      "epochs_trained": 150,
      "model_path": "outputs\\models\\nb08_cnn_baseline_90_10.keras"
    },
    {
      "split": "80:20",
      "train_size": 284,
      "test_size": 72,
      "MAE_test": 7062.300672743056,
      "RMSE_test": 9659.34984214681,
      "MAPE_test": 26.811999949376663,
      "R2_test": -0.1172237448449236,
      "MAPE_cv_mean": 30.952460244155922,
      "MAPE_cv_std": 11.841289267970641,
      "MAE_cv_mean": 11697.726695478723,
      "RMSE_cv_mean": 15558.284919460679,
      "R2_cv_mean": -0.0851558547593551,
      "epochs_trained": 150,
      "model_path": "outputs\\models\\nb08_cnn_baseline_80_20.keras"
    },
    {
      "split": "60:40",
      "train_size": 213,
      "test_size": 143,
      "MAE_test": 7679.678048513986,
      "RMSE_test": 10303.682015887498,
      "MAPE_test": 34.998866511137564,
      "R2_test": -0.12723237098054763,
      "MAPE_cv_mean": 27.58010617268983,
      "MAPE_cv_std": 7.522358005254838,
      "MAE_cv_mean": 13613.644017857141,
      "RMSE_cv_mean": 17803.59293266051,
      "R2_cv_mean": -0.1183147613908194,
      "epochs_trained": 150,
      "model_path": "outputs\\models\\nb08_cnn_baseline_60_40.keras"
    },
    {
      "split": "70:30",
      "train_size": 249,
      "test_size": 107,
      "MAE_test": 7748.077066296729,
      "RMSE_test": 10530.064105313517,
      "MAPE_test": 38.602514661662745,
      "R2_test": -0.12010907271624416,
      "MAPE_cv_mean": 26.87296170807711,
      "MAPE_cv_std": 4.336425202272688,
      "MAE_cv_mean": 12402.58125,
      "RMSE_cv_mean": 16329.984427302383,
      "R2_cv_mean": -0.1524766794231153,
      "epochs_trained": 150,
      "model_path": "outputs\\models\\nb08_cnn_baseline_70_30.keras"
    }
  ]
}