{
  "notebook": "09 - CNN + GA All Splits",
  "timestamp": "2026-05-08T05:52:07",
  "ga_config": {
    "POP_SIZE": 12,
    "N_GENERATIONS": 8,
    "ELITE_SIZE": 2,
    "TOURNAMENT_K": 3,
    "CROSSOVER_RATE": 0.8,
    "MUTATION_RATE": 0.25,
    "FIXED_EPOCHS": 50,
    "FINAL_RETRAIN_EPOCHS": 150
  },
  "search_space": {
    "filters": [
      16,
      32,
      64
    ],
    "kernel_size": [
      2,
      3
    ],
    "pool_size": [
      2
    ],
    "dense_units": [
      32,
      64,
      128
    ],
    "dropout": [
      0.1,
      0.2,
      0.3
    ],
    "learning_rate": [
      0.001,
      0.005
    ],
    "batch_size": [
      16,
      32
    ]
  },
  "results": [
    {
      "split": "60:40",
      "MAE_test": 8244.296465253496,
      "RMSE_test": 11079.312781435423,
      "MAPE_test": 33.615004213012476,
      "R2_test": -0.3033294347720539,
      "NB08_MAPE": 34.998866511137564,
      "delta_MAPE": 1.3838622981250879,
      "improved": true,
      "best_filters": 32,
      "best_kernel_size": 3,
      "best_pool_size": 2,
      "best_dense_units": 32,
      "best_dropout": 0.3,
      "best_learning_rate": 0.005,
      "best_batch_size": 32
    },
    {
      "split": "70:30",
      "MAE_test": 8968.90511828271,
      "RMSE_test": 11849.789184271136,
      "MAPE_test": 36.89510270795262,
      "R2_test": -0.41846796748483484,
      "NB08_MAPE": 38.602514661662745,
      "delta_MAPE": 1.7074119537101282,
      "improved": true,
      "best_filters": 32,
      "best_kernel_size": 3,
      "best_pool_size": 2,
      "best_dense_units": 64,
      "best_dropout": 0.2,
      "best_learning_rate": 0.005,
      "best_batch_size": 32
    },
    {
      "split": "80:20",
      "MAE_test": 8701.173448350695,
      "RMSE_test": 11293.263742443361,
      "MAPE_test": 26.872732117366798,
      "R2_test": -0.5271556654258347,
      "NB08_MAPE": 26.811999949376663,
      "delta_MAPE": -0.060732167990135366,
      "improved": false,
      "best_filters": 64,
      "best_kernel_size": 3,
      "best_pool_size": 2,
      "best_dense_units": 64,
      "best_dropout": 0.1,
      "best_learning_rate": 0.005,
      "best_batch_size": 32
    },
    {
      "split": "90:10",
      "MAE_test": 11426.06982421875,
      "RMSE_test": 14405.40552788744,
      "MAPE_test": 28.55266157312827,
      "R2_test": -1.8674795592349307,
      "NB08_MAPE": 18.731340349986827,
      "delta_MAPE": -9.821321223141442,
      "improved": false,
      "best_filters": 64,
      "best_kernel_size": 3,
      "best_pool_size": 2,
      "best_dense_units": 64,
      "best_dropout": 0.1,
      "best_learning_rate": 0.005,
      "best_batch_size": 32
    }
  ]
}