{
  "notebook": "09 - CNN + GA All Splits",
  "timestamp": "2026-05-08T06:46:00",
  "ga_config": {
    "POP_SIZE": 6,
    "N_GENERATIONS": 4,
    "ELITE_SIZE": 2,
    "TOURNAMENT_K": 3,
    "CROSSOVER_RATE": 0.8,
    "MUTATION_RATE": 0.25,
    "FIXED_EPOCHS": 20,
    "FINAL_RETRAIN_EPOCHS": 80
  },
  "search_space": {
    "filters": [
      16,
      32
    ],
    "kernel_size": [
      2,
      3
    ],
    "dense_units": [
      16,
      32
    ],
    "dropout": [
      0.1,
      0.3
    ],
    "learning_rate": [
      0.0005,
      0.001
    ],
    "batch_size": [
      16,
      32
    ]
  },
  "results": [
    {
      "split": "60:40",
      "MAE_test": 7707.073481206294,
      "RMSE_test": 10350.316401536724,
      "MAPE_test": 35.00551802372297,
      "R2_test": -0.13745915199498215,
      "NB08_MAPE": 34.998866511137564,
      "delta_MAPE": -0.006651512585406749,
      "improved": false,
      "best_filters": 32,
      "best_kernel_size": 3,
      "best_dense_units": 16,
      "best_dropout": 0.1,
      "best_learning_rate": 0.0005,
      "best_batch_size": 32
    },
    {
      "split": "70:30",
      "MAE_test": 7887.46539135514,
      "RMSE_test": 10588.413909956971,
      "MAPE_test": 38.86196028168399,
      "R2_test": -0.1325570935637348,
      "NB08_MAPE": 38.602514661662745,
      "delta_MAPE": -0.25944562002124627,
      "improved": false,
      "best_filters": 16,
      "best_kernel_size": 3,
      "best_dense_units": 16,
      "best_dropout": 0.1,
      "best_learning_rate": 0.0005,
      "best_batch_size": 32
    },
    {
      "split": "80:20",
      "MAE_test": 7147.656901041667,
      "RMSE_test": 9693.664933652775,
      "MAPE_test": 26.93945597751143,
      "R2_test": -0.12517577751530773,
      "NB08_MAPE": 26.811999949376663,
      "delta_MAPE": -0.1274560281347661,
      "improved": false,
      "best_filters": 16,
      "best_kernel_size": 3,
      "best_dense_units": 16,
      "best_dropout": 0.3,
      "best_learning_rate": 0.0005,
      "best_batch_size": 16
    },
    {
      "split": "90:10",
      "MAE_test": 7269.914279513889,
      "RMSE_test": 9150.430379670946,
      "MAPE_test": 18.92095143831947,
      "R2_test": -0.15699743346530148,
      "NB08_MAPE": 18.731340349986827,
      "delta_MAPE": -0.18961108833264362,
      "improved": false,
      "best_filters": 32,
      "best_kernel_size": 2,
      "best_dense_units": 16,
      "best_dropout": 0.3,
      "best_learning_rate": 0.0005,
      "best_batch_size": 16
    }
  ]
}