split,MAE_test,RMSE_test,MAPE_test,R2_test,NB08_MAPE,delta_MAPE,improved,best_filters,best_kernel_size,best_dense_units,best_dropout,best_learning_rate,best_batch_size
60:40,7707.073481206294,10350.316401536724,35.00551802372297,-0.13745915199498215,34.998866511137564,-0.006651512585406749,False,32,3,16,0.1,0.0005,32
70:30,7887.46539135514,10588.413909956971,38.86196028168399,-0.1325570935637348,38.602514661662745,-0.25944562002124627,False,16,3,16,0.1,0.0005,32
80:20,7147.656901041667,9693.664933652775,26.93945597751143,-0.12517577751530773,26.811999949376663,-0.1274560281347661,False,16,3,16,0.3,0.0005,16
90:10,7269.914279513889,9150.430379670946,18.92095143831947,-0.15699743346530148,18.731340349986827,-0.18961108833264362,False,32,2,16,0.3,0.0005,16
