{
  "notebook": "10 - BiLSTM Baseline All Splits",
  "timestamp": "2026-05-08T06:58:29",
  "gpu_count": 0,
  "mixed_precision": "float32",
  "epochs": 150,
  "batch_size": 16,
  "lstm_units": 32,
  "dense_units": 16,
  "dropout": 0.25,
  "lr": 0.0005,
  "k_folds": 5,
  "results": [
    {
      "split": "90:10",
      "train_size": 320,
      "test_size": 36,
      "MAE_test": 6797.334689670139,
      "RMSE_test": 8778.744798553205,
      "MAPE_test": 17.25137737506791,
      "R2_test": -0.06491317870316493,
      "MAPE_cv_mean": 32.65631118771195,
      "MAPE_cv_std": 10.276168823564472,
      "MAE_cv_mean": 11683.040182783017,
      "RMSE_cv_mean": 15556.497928991428,
      "R2_cv_mean": -0.21491052161915897,
      "epochs_trained": 150,
      "model_path": "outputs\\models\\nb10_bilstm_baseline_90_10.keras"
    },
    {
      "split": "80:20",
      "train_size": 284,
      "test_size": 72,
      "MAE_test": 7338.768147786458,
      "RMSE_test": 9882.701133425231,
      "MAPE_test": 26.551118853326034,
      "R2_test": -0.1694877846059275,
      "MAPE_cv_mean": 31.83513892732592,
      "MAPE_cv_std": 10.44456769234285,
      "MAE_cv_mean": 12347.223994348404,
      "RMSE_cv_mean": 16640.53306777974,
      "R2_cv_mean": -0.24039199776697112,
      "epochs_trained": 150,
      "model_path": "outputs\\models\\nb10_bilstm_baseline_80_20.keras"
    },
    {
      "split": "60:40",
      "train_size": 213,
      "test_size": 143,
      "MAE_test": 7186.217042722902,
      "RMSE_test": 9887.794783218169,
      "MAPE_test": 32.42514023237129,
      "R2_test": -0.03807192550120919,
      "MAPE_cv_mean": 27.45810850763828,
      "MAPE_cv_std": 7.7497467460599845,
      "MAE_cv_mean": 13802.27283482143,
      "RMSE_cv_mean": 18200.663595729035,
      "R2_cv_mean": -0.1894543280921694,
      "epochs_trained": 150,
      "model_path": "outputs\\models\\nb10_bilstm_baseline_60_40.keras"
    },
    {
      "split": "70:30",
      "train_size": 249,
      "test_size": 107,
      "MAE_test": 7850.354829877337,
      "RMSE_test": 10574.29930848989,
      "MAPE_test": 37.67476240998375,
      "R2_test": -0.12953965628414754,
      "MAPE_cv_mean": 27.133534793028957,
      "MAPE_cv_std": 5.440635736457067,
      "MAE_cv_mean": 12892.791615853657,
      "RMSE_cv_mean": 17160.25350888147,
      "R2_cv_mean": -0.2571886350517339,
      "epochs_trained": 150,
      "model_path": "outputs\\models\\nb10_bilstm_baseline_70_30.keras"
    }
  ]
}