{
  "60:40": {
    "loss": [
      2.0276451110839844,
      2.0218749046325684,
      2.0173656940460205,
      2.0191450119018555,
      2.019139289855957,
      2.0193569660186768,
      2.0091443061828613,
      2.00809383392334,
      2.0122995376586914,
      2.005955457687378,
      2.0126748085021973,
      2.010291337966919,
      2.0062708854675293,
      2.000659465789795,
      2.0024638175964355,
      2.0015454292297363,
      1.9969608783721924,
      2.0029547214508057,
      1.9966025352478027,
      1.995547890663147,
      1.9895466566085815,
      1.9940134286880493,
      2.0021398067474365,
      1.9970723390579224,
      1.992327332496643,
      1.9972463846206665,
      1.9830679893493652,
      1.9848616123199463,
      1.9953551292419434,
      1.9895079135894775,
      1.9747600555419922,
      1.9846357107162476,
      1.9780136346817017,
      1.9779199361801147,
      1.9796481132507324,
      1.9761279821395874,
      1.9614086151123047,
      1.9661245346069336,
      1.9687137603759766,
      1.960452914237976,
      1.957817792892456,
      1.973060131072998,
      1.962172269821167,
      1.9461582899093628,
      1.9646706581115723,
      1.9662659168243408,
      1.9473075866699219,
      1.9414105415344238,
      1.930325984954834,
      1.9442471265792847,
      1.923580527305603,
      1.9333817958831787,
      1.9243192672729492,
      1.9188892841339111,
      1.9193512201309204,
      1.9310835599899292,
      1.9211612939834595,
      1.9131495952606201,
      1.9313974380493164,
      1.899109125137329
    ]
  },
  "70:30": {
    "loss": [
      1.9604718685150146,
      1.9605165719985962,
      1.9532909393310547,
      1.9495210647583008,
      1.9505211114883423,
      1.950652003288269,
      1.9434674978256226,
      1.9494785070419312,
      1.9436001777648926,
      1.9466551542282104,
      1.9452462196350098,
      1.9408891201019287,
      1.9397951364517212,
      1.9409406185150146,
      1.9345602989196777,
      1.931157112121582,
      1.9267942905426025,
      1.9338905811309814,
      1.9265857934951782,
      1.9243196249008179,
      1.9263865947723389,
      1.9254238605499268,
      1.926518201828003,
      1.9286320209503174,
      1.912822961807251,
      1.9129146337509155,
      1.9285266399383545,
      1.9089345932006836,
      1.901228427886963,
      1.9025958776474,
      1.8950231075286865,
      1.8965957164764404,
      1.891890048980713,
      1.883312463760376,
      1.8809503316879272,
      1.88478422164917,
      1.8717634677886963,
      1.8663222789764404,
      1.8719508647918701,
      1.8608050346374512,
      1.8592877388000488,
      1.8535555601119995,
      1.8326443433761597,
      1.848510980606079,
      1.8186261653900146,
      1.8075486421585083,
      1.8137398958206177,
      1.8012850284576416,
      1.8270829916000366,
      1.7735567092895508,
      1.790414571762085,
      1.764976143836975,
      1.7794978618621826,
      1.7806267738342285,
      1.7899774312973022,
      1.7714388370513916,
      1.7632883787155151,
      1.7394276857376099,
      1.7340856790542603,
      1.7508246898651123
    ]
  },
  "80:20": {
    "loss": [
      1.95391047000885,
      1.9499006271362305,
      1.9419381618499756,
      1.9426409006118774,
      1.935726523399353,
      1.9366422891616821,
      1.9325720071792603,
      1.935027003288269,
      1.9264644384384155,
      1.9298020601272583,
      1.9146629571914673,
      1.9211030006408691,
      1.9138927459716797,
      1.9109437465667725,
      1.907194972038269,
      1.8990646600723267,
      1.889341115951538,
      1.8905385732650757,
      1.880149245262146,
      1.8653010129928589,
      1.870665431022644,
      1.8445080518722534,
      1.8612065315246582,
      1.8419406414031982,
      1.821619987487793,
      1.8212387561798096,
      1.8163119554519653,
      1.7962452173233032,
      1.795897126197815,
      1.7641825675964355,
      1.7768375873565674,
      1.761530876159668,
      1.757538914680481,
      1.7254984378814697,
      1.7212146520614624,
      1.7187191247940063,
      1.7207931280136108,
      1.6983364820480347,
      1.6889057159423828,
      1.6799880266189575,
      1.6624599695205688,
      1.6833341121673584,
      1.6824336051940918,
      1.6500723361968994,
      1.6597555875778198,
      1.6758131980895996,
      1.6767256259918213,
      1.6314988136291504,
      1.6539145708084106,
      1.671463966369629,
      1.624442458152771,
      1.6270374059677124,
      1.6437900066375732,
      1.6278038024902344,
      1.6161302328109741,
      1.6092331409454346,
      1.6297003030776978,
      1.6084747314453125,
      1.602083444595337,
      1.5787771940231323
    ]
  },
  "90:10": {
    "loss": [
      2.0002076625823975,
      1.9947353601455688,
      1.990380048751831,
      1.9800760746002197,
      1.9898818731307983,
      1.9865820407867432,
      1.9856112003326416,
      1.9877067804336548,
      1.9771915674209595,
      1.981005311012268,
      1.9763948917388916,
      1.969641089439392,
      1.9727426767349243,
      1.9670600891113281,
      1.9618051052093506,
      1.9586718082427979,
      1.9595060348510742,
      1.9521315097808838,
      1.9520362615585327,
      1.932806372642517,
      1.9363555908203125,
      1.9526256322860718,
      1.9260051250457764,
      1.9394181966781616,
      1.9352833032608032,
      1.9355828762054443,
      1.9244563579559326,
      1.9200661182403564,
      1.8925096988677979,
      1.898916482925415,
      1.9033952951431274,
      1.896784782409668,
      1.8714946508407593,
      1.8667742013931274,
      1.8930410146713257,
      1.8294461965560913,
      1.877258539199829,
      1.839977502822876,
      1.855865240097046,
      1.8296172618865967,
      1.866091012954712,
      1.8557355403900146,
      1.8375952243804932,
      1.8550798892974854,
      1.8670470714569092,
      1.8249393701553345,
      1.8362886905670166,
      1.824850082397461,
      1.8256973028182983,
      1.8127294778823853,
      1.836957335472107,
      1.7965335845947266,
      1.8183857202529907,
      1.794663429260254,
      1.7831064462661743,
      1.7846002578735352,
      1.8125836849212646,
      1.7738029956817627,
      1.8349316120147705,
      1.7977148294448853
    ]
  }
}